Strike,Expiry,Type,Symbol,Last,Bid,Ask,Chg,PctChg,Vol,Open_Int,IV,Root,IsNonstandard,Underlying,Underlying_Price,Quote_Time,Last_Trade_Date,JSON,Iv
195.0,2023-09-15,put,META230915P00195000,0.01,0.0,0.01,-0.01,-50.0,32.0,3800.0,0.937500625,META,False,META,297.89,2023-09-08 20:00:01,2023-09-08 15:09:45,"{'contractSymbol': 'META230915P00195000', 'strike': 195.0, 'currency': 'USD', 'lastPrice': 0.01, 'change': -0.01, 'percentChange': -50.0, 'volume': 32, 'openInterest': 3800, 'bid': 0.0, 'ask': 0.01, 'contractSize': 'REGULAR', 'expiration': 1694736000, 'lastTradeDate': 1694185785, 'impliedVolatility': 0.937500625, 'inTheMoney': False}",0.937500625
200.0,2023-09-15,put,META230915P00200000,0.01,0.0,0.01,-0.01,-50.0,36.0,3843.0,0.8906260937499999,META,False,META,297.89,2023-09-08 20:00:01,2023-09-08 19:55:56,"{'contractSymbol': 'META230915P00200000', 'strike': 200.0, 'currency': 'USD', 'lastPrice': 0.01, 'change': -0.01, 'percentChange': -50.0, 'volume': 36, 'openInterest': 3843, 'bid': 0.0, 'ask': 0.01, 'contractSize': 'REGULAR', 'expiration': 1694736000, 'lastTradeDate': 1694202956, 'impliedVolatility': 0.8906260937499999, 'inTheMoney': False}",0.8906260937499999
205.0,2023-09-15,put,META230915P00205000,0.02,0.01,0.02,0.01,100.0,3.0,1453.0,0.92187578125,META,False,META,297.89,2023-09-08 20:00:01,2023-09-08 17:52:44,"{'contractSymbol': 'META230915P00205000', 'strike': 205.0, 'currency': 'USD', 'lastPrice': 0.02, 'change': 0.01, 'percentChange': 100.0, 'volume': 3, 'openInterest': 1453, 'bid': 0.01, 'ask': 0.02, 'contractSize': 'REGULAR', 'expiration': 1694736000, 'lastTradeDate': 1694195564, 'impliedVolatility': 0.92187578125, 'inTheMoney': False}",0.92187578125
210.0,2023-09-15,put,META230915P00210000,0.02,0.01,0.02,0.0,0.0,48.0,2883.0,0.85937640625,META,False,META,297.89,2023-09-08 20:00:01,2023-09-08 16:30:24,"{'contractSymbol': 'META230915P00210000', 'strike': 210.0, 'currency': 'USD', 'lastPrice': 0.02, 'change': 0.0, 'percentChange': 0.0, 'volume': 48, 'openInterest': 2883, 'bid': 0.01, 'ask': 0.02, 'contractSize': 'REGULAR', 'expiration': 1694736000, 'lastTradeDate': 1694190624, 'impliedVolatility': 0.85937640625, 'inTheMoney': False}",0.85937640625
215.0,2023-09-15,put,META230915P00215000,0.02,0.01,1.0,0.0,0.0,127.0,5014.0,1.2509803076171875,META,False,META,297.89,2023-09-08 20:00:01,2023-09-08 14:48:04,"{'contractSymbol': 'META230915P00215000', 'strike': 215.0, 'currency': 'USD', 'lastPrice': 0.02, 'change': 0.0, 'percentChange': 0.0, 'volume': 127, 'openInterest': 5014, 'bid': 0.01, 'ask': 1.0, 'contractSize': 'REGULAR', 'expiration': 1694736000, 'lastTradeDate': 1694184484, 'impliedVolatility': 1.2509803076171875, 'inTheMoney': False}",1.2509803076171875
220.0,2023-09-15,put,META230915P00220000,0.03,0.01,0.04,-0.01,-25.0,50.0,4727.0,0.79687703125,META,False,META,297.89,2023-09-08 20:00:01,2023-09-08 19:44:58,"{'contractSymbol': 'META230915P00220000', 'strike': 220.0, 'currency': 'USD', 'lastPrice': 0.03, 'change': -0.01, 'percentChange': -25.0, 'volume': 50, 'openInterest': 4727, 'bid': 0.01, 'ask': 0.04, 'contractSize': 'REGULAR', 'expiration': 1694736000, 'lastTradeDate': 1694202298, 'impliedVolatility': 0.79687703125, 'inTheMoney': False}",0.79687703125
225.0,2023-09-15,put,META230915P00225000,0.03,0.0,0.11,-0.03,-50.0,969.0,2362.0,0.804689453125,META,False,META,297.89,2023-09-08 20:00:01,2023-09-08 19:54:29,"{'contractSymbol': 'META230915P00225000', 'strike': 225.0, 'currency': 'USD', 'lastPrice': 0.03, 'change': -0.03, 'percentChange': -50.0, 'volume': 969, 'openInterest': 2362, 'bid': 0.0, 'ask': 0.11, 'contractSize': 'REGULAR', 'expiration': 1694736000, 'lastTradeDate': 1694202869, 'impliedVolatility': 0.804689453125, 'inTheMoney': False}",0.804689453125
230.0,2023-09-15,put,META230915P00230000,0.03,0.02,0.04,-0.01,-25.0,918.0,7074.0,0.6992217578125001,META,False,META,297.89,2023-09-08 20:00:01,2023-09-08 19:46:37,"{'contractSymbol': 'META230915P00230000', 'strike': 230.0, 'currency': 'USD', 'lastPrice': 0.03, 'change': -0.01, 'percentChange': -25.0, 'volume': 918, 'openInterest': 7074, 'bid': 0.02, 'ask': 0.04, 'contractSize': 'REGULAR', 'expiration': 1694736000, 'lastTradeDate': 1694202397, 'impliedVolatility': 0.6992217578125001, 'inTheMoney': False}",0.6992217578125001
235.0,2023-09-15,put,META230915P00235000,0.05,0.04,0.06,0.0,0.0,112.0,3131.0,0.6835969140625001,META,False,META,297.89,2023-09-08 20:00:01,2023-09-08 19:09:05,"{'contractSymbol': 'META230915P00235000', 'strike': 235.0, 'currency': 'USD', 'lastPrice': 0.05, 'change': 0.0, 'percentChange': 0.0, 'volume': 112, 'openInterest': 3131, 'bid': 0.04, 'ask': 0.06, 'contractSize': 'REGULAR', 'expiration': 1694736000, 'lastTradeDate': 1694200145, 'impliedVolatility': 0.6835969140625001, 'inTheMoney': False}",0.6835969140625001
240.0,2023-09-15,put,META230915P00240000,0.05,0.03,0.06,-0.02,-28.571426,220.0,6748.0,0.6210975390625001,META,False,META,297.89,2023-09-08 20:00:01,2023-09-08 19:37:17,"{'contractSymbol': 'META230915P00240000', 'strike': 240.0, 'currency': 'USD', 'lastPrice': 0.05, 'change': -0.02, 'percentChange': -28.571426, 'volume': 220, 'openInterest': 6748, 'bid': 0.03, 'ask': 0.06, 'contractSize': 'REGULAR', 'expiration': 1694736000, 'lastTradeDate': 1694201837, 'impliedVolatility': 0.6210975390625001, 'inTheMoney': False}",0.6210975390625001
245.0,2023-09-15,put,META230915P00245000,0.07,0.05,0.08,0.0,0.0,799.0,4181.0,0.5937540625000001,META,False,META,297.89,2023-09-08 20:00:01,2023-09-08 19:57:59,"{'contractSymbol': 'META230915P00245000', 'strike': 245.0, 'currency': 'USD', 'lastPrice': 0.07, 'change': 0.0, 'percentChange': 0.0, 'volume': 799, 'openInterest': 4181, 'bid': 0.05, 'ask': 0.08, 'contractSize': 'REGULAR', 'expiration': 1694736000, 'lastTradeDate': 1694203079, 'impliedVolatility': 0.5937540625000001, 'inTheMoney': False}",0.5937540625000001
250.0,2023-09-15,put,META230915P00250000,0.07,0.07,0.1,-0.04,-36.363636,720.0,10305.0,0.5585981640625001,META,False,META,297.89,2023-09-08 20:00:01,2023-09-08 19:57:23,"{'contractSymbol': 'META230915P00250000', 'strike': 250.0, 'currency': 'USD', 'lastPrice': 0.07, 'change': -0.04, 'percentChange': -36.363636, 'volume': 720, 'openInterest': 10305, 'bid': 0.07, 'ask': 0.1, 'contractSize': 'REGULAR', 'expiration': 1694736000, 'lastTradeDate': 1694203043, 'impliedVolatility': 0.5585981640625001, 'inTheMoney': False}",0.5585981640625001
252.5,2023-09-15,put,META230915P00252500,0.09,0.07,0.1,-0.019999996,-18.181814,610.0,865.0,0.5302781347656251,META,False,META,297.89,2023-09-08 20:00:01,2023-09-08 19:47:18,"{'contractSymbol': 'META230915P00252500', 'strike': 252.5, 'currency': 'USD', 'lastPrice': 0.09, 'change': -0.019999996, 'percentChange': -18.181814, 'volume': 610, 'openInterest': 865, 'bid': 0.07, 'ask': 0.1, 'contractSize': 'REGULAR', 'expiration': 1694736000, 'lastTradeDate': 1694202438, 'impliedVolatility': 0.5302781347656251, 'inTheMoney': False}",0.5302781347656251
255.0,2023-09-15,put,META230915P00255000,0.11,0.07,0.11,-0.019999996,-15.384613,180.0,4932.0,0.50586431640625,META,False,META,297.89,2023-09-08 20:00:01,2023-09-08 19:47:31,"{'contractSymbol': 'META230915P00255000', 'strike': 255.0, 'currency': 'USD', 'lastPrice': 0.11, 'change': -0.019999996, 'percentChange': -15.384613, 'volume': 180, 'openInterest': 4932, 'bid': 0.07, 'ask': 0.11, 'contractSize': 'REGULAR', 'expiration': 1694736000, 'lastTradeDate': 1694202451, 'impliedVolatility': 0.50586431640625, 'inTheMoney': False}",0.50586431640625
257.5,2023-09-15,put,META230915P00257500,0.11,0.09,0.12,-0.030000001,-21.428572,257.0,1200.0,0.49805189453125004,META,False,META,297.89,2023-09-08 20:00:01,2023-09-08 19:54:29,"{'contractSymbol': 'META230915P00257500', 'strike': 257.5, 'currency': 'USD', 'lastPrice': 0.11, 'change': -0.030000001, 'percentChange': -21.428572, 'volume': 257, 'openInterest': 1200, 'bid': 0.09, 'ask': 0.12, 'contractSize': 'REGULAR', 'expiration': 1694736000, 'lastTradeDate': 1694202869, 'impliedVolatility': 0.49805189453125004, 'inTheMoney': False}",0.49805189453125004
260.0,2023-09-15,put,META230915P00260000,0.12,0.12,0.14,-0.050000004,-29.411766,548.0,11588.0,0.4804739453125,META,False,META,297.89,2023-09-08 20:00:01,2023-09-08 19:56:43,"{'contractSymbol': 'META230915P00260000', 'strike': 260.0, 'currency': 'USD', 'lastPrice': 0.12, 'change': -0.050000004, 'percentChange': -29.411766, 'volume': 548, 'openInterest': 11588, 'bid': 0.12, 'ask': 0.14, 'contractSize': 'REGULAR', 'expiration': 1694736000, 'lastTradeDate': 1694203003, 'impliedVolatility': 0.4804739453125, 'inTheMoney': False}",0.4804739453125
262.5,2023-09-15,put,META230915P00262500,0.13,0.11,0.15,-0.07000001,-35.000004,371.0,744.0,0.45703667968750006,META,False,META,297.89,2023-09-08 20:00:01,2023-09-08 19:59:01,"{'contractSymbol': 'META230915P00262500', 'strike': 262.5, 'currency': 'USD', 'lastPrice': 0.13, 'change': -0.07000001, 'percentChange': -35.000004, 'volume': 371, 'openInterest': 744, 'bid': 0.11, 'ask': 0.15, 'contractSize': 'REGULAR', 'expiration': 1694736000, 'lastTradeDate': 1694203141, 'impliedVolatility': 0.45703667968750006, 'inTheMoney': False}",0.45703667968750006
265.0,2023-09-15,put,META230915P00265000,0.21,0.13,0.18,-0.030000001,-12.500002,517.0,4407.0,0.44043528320312497,META,False,META,297.89,2023-09-08 20:00:01,2023-09-08 19:59:57,"{'contractSymbol': 'META230915P00265000', 'strike': 265.0, 'currency': 'USD', 'lastPrice': 0.21, 'change': -0.030000001, 'percentChange': -12.500002, 'volume': 517, 'openInterest': 4407, 'bid': 0.13, 'ask': 0.18, 'contractSize': 'REGULAR', 'expiration': 1694736000, 'lastTradeDate': 1694203197, 'impliedVolatility': 0.44043528320312497, 'inTheMoney': False}",0.44043528320312497
267.5,2023-09-15,put,META230915P00267500,0.2,0.16,0.21,-0.059999987,-23.07692,308.0,681.0,0.42139250488281255,META,False,META,297.89,2023-09-08 20:00:01,2023-09-08 19:54:29,"{'contractSymbol': 'META230915P00267500', 'strike': 267.5, 'currency': 'USD', 'lastPrice': 0.2, 'change': -0.059999987, 'percentChange': -23.07692, 'volume': 308, 'openInterest': 681, 'bid': 0.16, 'ask': 0.21, 'contractSize': 'REGULAR', 'expiration': 1694736000, 'lastTradeDate': 1694202869, 'impliedVolatility': 0.42139250488281255, 'inTheMoney': False}",0.42139250488281255
270.0,2023-09-15,call,META230915C00270000,28.25,28.0,28.6,-1.1000004,-3.7478719,98.0,5378.0,0.5034229345703125,META,False,META,297.89,2023-09-08 20:00:01,2023-09-08 19:57:50,"{'contractSymbol': 'META230915C00270000', 'strike': 270.0, 'currency': 'USD', 'lastPrice': 28.25, 'change': -1.1000004, 'percentChange': -3.7478719, 'volume': 98, 'openInterest': 5378, 'bid': 28.0, 'ask': 28.6, 'contractSize': 'REGULAR', 'expiration': 1694736000, 'lastTradeDate': 1694203070, 'impliedVolatility': 0.5034229345703125, 'inTheMoney': True}",0.5034229345703125
270.0,2023-09-15,put,META230915P00270000,0.21,0.2,0.25,-0.11,-34.375,1226.0,11906.0,0.40332627929687503,META,False,META,297.89,2023-09-08 20:00:01,2023-09-08 19:59:43,"{'contractSymbol': 'META230915P00270000', 'strike': 270.0, 'currency': 'USD', 'lastPrice': 0.21, 'change': -0.11, 'percentChange': -34.375, 'volume': 1226, 'openInterest': 11906, 'bid': 0.2, 'ask': 0.25, 'contractSize': 'REGULAR', 'expiration': 1694736000, 'lastTradeDate': 1694203183, 'impliedVolatility': 0.40332627929687503, 'inTheMoney': False}",0.40332627929687503
272.5,2023-09-15,call,META230915C00272500,25.95,25.6,26.15,-3.0,-10.362694,21.0,191.0,0.47510290527343746,META,False,META,297.89,2023-09-08 20:00:01,2023-09-08 19:38:51,"{'contractSymbol': 'META230915C00272500', 'strike': 272.5, 'currency': 'USD', 'lastPrice': 25.95, 'change': -3.0, 'percentChange': -10.362694, 'volume': 21, 'openInterest': 191, 'bid': 25.6, 'ask': 26.15, 'contractSize': 'REGULAR', 'expiration': 1694736000, 'lastTradeDate': 1694201931, 'impliedVolatility': 0.47510290527343746, 'inTheMoney': True}",0.47510290527343746
272.5,2023-09-15,put,META230915P00272500,0.27,0.25,0.3,-0.13,-32.5,715.0,959.0,0.3857483300781249,META,False,META,297.89,2023-09-08 20:00:01,2023-09-08 19:59:39,"{'contractSymbol': 'META230915P00272500', 'strike': 272.5, 'currency': 'USD', 'lastPrice': 0.27, 'change': -0.13, 'percentChange': -32.5, 'volume': 715, 'openInterest': 959, 'bid': 0.25, 'ask': 0.3, 'contractSize': 'REGULAR', 'expiration': 1694736000, 'lastTradeDate': 1694203179, 'impliedVolatility': 0.3857483300781249, 'inTheMoney': False}",0.3857483300781249
275.0,2023-09-15,call,META230915C00275000,22.9,22.85,23.7,-1.1000004,-4.583335,46.0,4933.0,0.445318046875,META,False,META,297.89,2023-09-08 20:00:01,2023-09-08 19:54:50,"{'contractSymbol': 'META230915C00275000', 'strike': 275.0, 'currency': 'USD', 'lastPrice': 22.9, 'change': -1.1000004, 'percentChange': -4.583335, 'volume': 46, 'openInterest': 4933, 'bid': 22.85, 'ask': 23.7, 'contractSize': 'REGULAR', 'expiration': 1694736000, 'lastTradeDate': 1694202890, 'impliedVolatility': 0.445318046875, 'inTheMoney': True}",0.445318046875
275.0,2023-09-15,put,META230915P00275000,0.43,0.33,0.37,-0.06999999,-13.999998,2116.0,9193.0,0.36914693359375,META,False,META,297.89,2023-09-08 20:00:01,2023-09-08 19:59:57,"{'contractSymbol': 'META230915P00275000', 'strike': 275.0, 'currency': 'USD', 'lastPrice': 0.43, 'change': -0.06999999, 'percentChange': -13.999998, 'volume': 2116, 'openInterest': 9193, 'bid': 0.33, 'ask': 0.37, 'contractSize': 'REGULAR', 'expiration': 1694736000, 'lastTradeDate': 1694203197, 'impliedVolatility': 0.36914693359375, 'inTheMoney': False}",0.36914693359375
277.5,2023-09-15,call,META230915C00277500,20.99,20.8,21.3,-0.65999985,-3.0484982,34.0,361.0,0.42090422851562503,META,False,META,297.89,2023-09-08 20:00:01,2023-09-08 19:07:48,"{'contractSymbol': 'META230915C00277500', 'strike': 277.5, 'currency': 'USD', 'lastPrice': 20.99, 'change': -0.65999985, 'percentChange': -3.0484982, 'volume': 34, 'openInterest': 361, 'bid': 20.8, 'ask': 21.3, 'contractSize': 'REGULAR', 'expiration': 1694736000, 'lastTradeDate': 1694200068, 'impliedVolatility': 0.42090422851562503, 'inTheMoney': True}",0.42090422851562503
277.5,2023-09-15,put,META230915P00277500,0.47,0.43,0.48,-0.20000002,-29.850748,1152.0,1209.0,0.35645174804687496,META,False,META,297.89,2023-09-08 20:00:01,2023-09-08 19:59:26,"{'contractSymbol': 'META230915P00277500', 'strike': 277.5, 'currency': 'USD', 'lastPrice': 0.47, 'change': -0.20000002, 'percentChange': -29.850748, 'volume': 1152, 'openInterest': 1209, 'bid': 0.43, 'ask': 0.48, 'contractSize': 'REGULAR', 'expiration': 1694736000, 'lastTradeDate': 1694203166, 'impliedVolatility': 0.35645174804687496, 'inTheMoney': False}",0.35645174804687496
280.0,2023-09-15,call,META230915C00280000,18.2,18.15,18.95,-1.9699993,-9.766977,2957.0,6393.0,0.40015248291015626,META,False,META,297.89,2023-09-08 20:00:01,2023-09-08 19:59:57,"{'contractSymbol': 'META230915C00280000', 'strike': 280.0, 'currency': 'USD', 'lastPrice': 18.2, 'change': -1.9699993, 'percentChange': -9.766977, 'volume': 2957, 'openInterest': 6393, 'bid': 18.15, 'ask': 18.95, 'contractSize': 'REGULAR', 'expiration': 1694736000, 'lastTradeDate': 1694203197, 'impliedVolatility': 0.40015248291015626, 'inTheMoney': True}",0.40015248291015626
280.0,2023-09-15,put,META230915P00280000,0.65,0.58,0.63,-0.18,-21.686749,5973.0,9117.0,0.34448897705078124,META,False,META,297.89,2023-09-08 20:00:01,2023-09-08 19:59:57,"{'contractSymbol': 'META230915P00280000', 'strike': 280.0, 'currency': 'USD', 'lastPrice': 0.65, 'change': -0.18, 'percentChange': -21.686749, 'volume': 5973, 'openInterest': 9117, 'bid': 0.58, 'ask': 0.63, 'contractSize': 'REGULAR', 'expiration': 1694736000, 'lastTradeDate': 1694203197, 'impliedVolatility': 0.34448897705078124, 'inTheMoney': False}",0.34448897705078124
282.5,2023-09-15,call,META230915C00282500,16.45,16.2,16.6,-0.94999886,-5.4597635,57.0,385.0,0.3754945263671875,META,False,META,297.89,2023-09-08 20:00:01,2023-09-08 19:51:21,"{'contractSymbol': 'META230915C00282500', 'strike': 282.5, 'currency': 'USD', 'lastPrice': 16.45, 'change': -0.94999886, 'percentChange': -5.4597635, 'volume': 57, 'openInterest': 385, 'bid': 16.2, 'ask': 16.6, 'contractSize': 'REGULAR', 'expiration': 1694736000, 'lastTradeDate': 1694202681, 'impliedVolatility': 0.3754945263671875, 'inTheMoney': True}",0.3754945263671875
282.5,2023-09-15,put,META230915P00282500,0.87,0.79,0.85,-0.26999998,-23.68421,1916.0,1677.0,0.3354558642578125,META,False,META,297.89,2023-09-08 20:00:01,2023-09-08 19:59:57,"{'contractSymbol': 'META230915P00282500', 'strike': 282.5, 'currency': 'USD', 'lastPrice': 0.87, 'change': -0.26999998, 'percentChange': -23.68421, 'volume': 1916, 'openInterest': 1677, 'bid': 0.79, 'ask': 0.85, 'contractSize': 'REGULAR', 'expiration': 1694736000, 'lastTradeDate': 1694203197, 'impliedVolatility': 0.3354558642578125, 'inTheMoney': False}",0.3354558642578125
285.0,2023-09-15,call,META230915C00285000,14.25,14.0,14.4,-1.1999998,-7.7669888,189.0,3144.0,0.36157864990234373,META,False,META,297.89,2023-09-08 20:00:01,2023-09-08 19:54:25,"{'contractSymbol': 'META230915C00285000', 'strike': 285.0, 'currency': 'USD', 'lastPrice': 14.25, 'change': -1.1999998, 'percentChange': -7.7669888, 'volume': 189, 'openInterest': 3144, 'bid': 14.0, 'ask': 14.4, 'contractSize': 'REGULAR', 'expiration': 1694736000, 'lastTradeDate': 1694202865, 'impliedVolatility': 0.36157864990234373, 'inTheMoney': True}",0.36157864990234373
285.0,2023-09-15,put,META230915P00285000,1.18,1.1,1.15,-0.23000002,-16.312057,2694.0,10797.0,0.327155166015625,META,False,META,297.89,2023-09-08 20:00:01,2023-09-08 19:59:57,"{'contractSymbol': 'META230915P00285000', 'strike': 285.0, 'currency': 'USD', 'lastPrice': 1.18, 'change': -0.23000002, 'percentChange': -16.312057, 'volume': 2694, 'openInterest': 10797, 'bid': 1.1, 'ask': 1.15, 'contractSize': 'REGULAR', 'expiration': 1694736000, 'lastTradeDate': 1694203197, 'impliedVolatility': 0.327155166015625, 'inTheMoney': False}",0.327155166015625
287.5,2023-09-15,call,META230915C00287500,12.15,11.85,12.3,-1.75,-12.589929,68.0,946.0,0.3493717407226562,META,False,META,297.89,2023-09-08 20:00:01,2023-09-08 19:59:18,"{'contractSymbol': 'META230915C00287500', 'strike': 287.5, 'currency': 'USD', 'lastPrice': 12.15, 'change': -1.75, 'percentChange': -12.589929, 'volume': 68, 'openInterest': 946, 'bid': 11.85, 'ask': 12.3, 'contractSize': 'REGULAR', 'expiration': 1694736000, 'lastTradeDate': 1694203158, 'impliedVolatility': 0.3493717407226562, 'inTheMoney': True}",0.3493717407226562
287.5,2023-09-15,put,META230915P00287500,1.52,1.49,1.56,-0.40999997,-21.24352,1719.0,1353.0,0.32031929687499994,META,False,META,297.89,2023-09-08 20:00:01,2023-09-08 19:59:59,"{'contractSymbol': 'META230915P00287500', 'strike': 287.5, 'currency': 'USD', 'lastPrice': 1.52, 'change': -0.40999997, 'percentChange': -21.24352, 'volume': 1719, 'openInterest': 1353, 'bid': 1.49, 'ask': 1.56, 'contractSize': 'REGULAR', 'expiration': 1694736000, 'lastTradeDate': 1694203199, 'impliedVolatility': 0.32031929687499994, 'inTheMoney': False}",0.32031929687499994
290.0,2023-09-15,call,META230915C00290000,10.15,9.9,10.35,-1.4000006,-12.121217,711.0,18830.0,0.3407048352050781,META,False,META,297.89,2023-09-08 20:00:01,2023-09-08 19:57:27,"{'contractSymbol': 'META230915C00290000', 'strike': 290.0, 'currency': 'USD', 'lastPrice': 10.15, 'change': -1.4000006, 'percentChange': -12.121217, 'volume': 711, 'openInterest': 18830, 'bid': 9.9, 'ask': 10.35, 'contractSize': 'REGULAR', 'expiration': 1694736000, 'lastTradeDate': 1694203047, 'impliedVolatility': 0.3407048352050781, 'inTheMoney': True}",0.3407048352050781
290.0,2023-09-15,put,META230915P00290000,2.12,2.03,2.1,-0.36000013,-14.516134,7892.0,25421.0,0.3143379113769531,META,False,META,297.89,2023-09-08 20:00:01,2023-09-08 19:59:57,"{'contractSymbol': 'META230915P00290000', 'strike': 290.0, 'currency': 'USD', 'lastPrice': 2.12, 'change': -0.36000013, 'percentChange': -14.516134, 'volume': 7892, 'openInterest': 25421, 'bid': 2.03, 'ask': 2.1, 'contractSize': 'REGULAR', 'expiration': 1694736000, 'lastTradeDate': 1694203197, 'impliedVolatility': 0.3143379113769531, 'inTheMoney': False}",0.3143379113769531
292.5,2023-09-15,call,META230915C00292500,8.4,8.2,8.55,-1.0100002,-10.733266,517.0,2022.0,0.3332586206054688,META,False,META,297.89,2023-09-08 20:00:01,2023-09-08 19:59:15,"{'contractSymbol': 'META230915C00292500', 'strike': 292.5, 'currency': 'USD', 'lastPrice': 8.4, 'change': -1.0100002, 'percentChange': -10.733266, 'volume': 517, 'openInterest': 2022, 'bid': 8.2, 'ask': 8.55, 'contractSize': 'REGULAR', 'expiration': 1694736000, 'lastTradeDate': 1694203155, 'impliedVolatility': 0.3332586206054688, 'inTheMoney': True}",0.3332586206054688
292.5,2023-09-15,put,META230915P00292500,2.95,2.72,2.82,-0.23000002,-7.2327046,2556.0,2782.0,0.3106758386230468,META,False,META,297.89,2023-09-08 20:00:01,2023-09-08 19:59:57,"{'contractSymbol': 'META230915P00292500', 'strike': 292.5, 'currency': 'USD', 'lastPrice': 2.95, 'change': -0.23000002, 'percentChange': -7.2327046, 'volume': 2556, 'openInterest': 2782, 'bid': 2.72, 'ask': 2.82, 'contractSize': 'REGULAR', 'expiration': 1694736000, 'lastTradeDate': 1694203197, 'impliedVolatility': 0.3106758386230468, 'inTheMoney': False}",0.3106758386230468
295.0,2023-09-15,call,META230915C00295000,6.55,6.75,6.9,-1.7699995,-21.274033,1212.0,7382.0,0.3254461987304687,META,False,META,297.89,2023-09-08 20:00:01,2023-09-08 19:59:53,"{'contractSymbol': 'META230915C00295000', 'strike': 295.0, 'currency': 'USD', 'lastPrice': 6.55, 'change': -1.7699995, 'percentChange': -21.274033, 'volume': 1212, 'openInterest': 7382, 'bid': 6.75, 'ask': 6.9, 'contractSize': 'REGULAR', 'expiration': 1694736000, 'lastTradeDate': 1694203193, 'impliedVolatility': 0.3254461987304687, 'inTheMoney': True}",0.3254461987304687
295.0,2023-09-15,put,META230915P00295000,4.0,3.6,3.8,0.0,0.0,10086.0,6527.0,0.31238480590820306,META,False,META,297.89,2023-09-08 20:00:01,2023-09-08 19:59:57,"{'contractSymbol': 'META230915P00295000', 'strike': 295.0, 'currency': 'USD', 'lastPrice': 4.0, 'change': 0.0, 'percentChange': 0.0, 'volume': 10086, 'openInterest': 6527, 'bid': 3.6, 'ask': 3.8, 'contractSize': 'REGULAR', 'expiration': 1694736000, 'lastTradeDate': 1694203197, 'impliedVolatility': 0.31238480590820306, 'inTheMoney': False}",0.31238480590820306
297.5,2023-09-15,call,META230915C00297500,5.48,5.35,5.45,-1.3000002,-19.174044,1593.0,1958.0,0.3193427441406249,META,False,META,297.89,2023-09-08 20:00:01,2023-09-08 19:59:12,"{'contractSymbol': 'META230915C00297500', 'strike': 297.5, 'currency': 'USD', 'lastPrice': 5.48, 'change': -1.3000002, 'percentChange': -19.174044, 'volume': 1593, 'openInterest': 1958, 'bid': 5.35, 'ask': 5.45, 'contractSize': 'REGULAR', 'expiration': 1694736000, 'lastTradeDate': 1694203152, 'impliedVolatility': 0.3193427441406249, 'inTheMoney': True}",0.3193427441406249
297.5,2023-09-15,put,META230915P00297500,4.8,4.7,4.85,-0.25,-4.950495,3206.0,2329.0,0.30664755859375,META,False,META,297.89,2023-09-08 20:00:01,2023-09-08 19:59:44,"{'contractSymbol': 'META230915P00297500', 'strike': 297.5, 'currency': 'USD', 'lastPrice': 4.8, 'change': -0.25, 'percentChange': -4.950495, 'volume': 3206, 'openInterest': 2329, 'bid': 4.7, 'ask': 4.85, 'contractSize': 'REGULAR', 'expiration': 1694736000, 'lastTradeDate': 1694203184, 'impliedVolatility': 0.30664755859375, 'inTheMoney': False}",0.30664755859375
300.0,2023-09-15,call,META230915C00300000,4.25,4.1,4.25,-1.25,-22.727274,9759.0,15538.0,0.3171455004882812,META,False,META,297.89,2023-09-08 20:00:01,2023-09-08 19:59:57,"{'contractSymbol': 'META230915C00300000', 'strike': 300.0, 'currency': 'USD', 'lastPrice': 4.25, 'change': -1.25, 'percentChange': -22.727274, 'volume': 9759, 'openInterest': 15538, 'bid': 4.1, 'ask': 4.25, 'contractSize': 'REGULAR', 'expiration': 1694736000, 'lastTradeDate': 1694203197, 'impliedVolatility': 0.3171455004882812, 'inTheMoney': False}",0.3171455004882812
300.0,2023-09-15,put,META230915P00300000,6.02,6.0,6.15,-0.23000002,-3.6800005,9795.0,10489.0,0.3043282458496094,META,False,META,297.89,2023-09-08 20:00:01,2023-09-08 19:59:46,"{'contractSymbol': 'META230915P00300000', 'strike': 300.0, 'currency': 'USD', 'lastPrice': 6.02, 'change': -0.23000002, 'percentChange': -3.6800005, 'volume': 9795, 'openInterest': 10489, 'bid': 6.0, 'ask': 6.15, 'contractSize': 'REGULAR', 'expiration': 1694736000, 'lastTradeDate': 1694203186, 'impliedVolatility': 0.3043282458496094, 'inTheMoney': True}",0.3043282458496094
302.5,2023-09-15,call,META230915C00302500,3.21,3.1,3.25,-1.0900002,-25.348839,4840.0,3096.0,0.3156806713867187,META,False,META,297.89,2023-09-08 20:00:01,2023-09-08 19:59:49,"{'contractSymbol': 'META230915C00302500', 'strike': 302.5, 'currency': 'USD', 'lastPrice': 3.21, 'change': -1.0900002, 'percentChange': -25.348839, 'volume': 4840, 'openInterest': 3096, 'bid': 3.1, 'ask': 3.25, 'contractSize': 'REGULAR', 'expiration': 1694736000, 'lastTradeDate': 1694203189, 'impliedVolatility': 0.3156806713867187, 'inTheMoney': False}",0.3156806713867187
302.5,2023-09-15,put,META230915P00302500,7.65,7.4,7.75,-0.01999998,-0.26075593,2271.0,1218.0,0.3086006640625,META,False,META,297.89,2023-09-08 20:00:01,2023-09-08 19:57:20,"{'contractSymbol': 'META230915P00302500', 'strike': 302.5, 'currency': 'USD', 'lastPrice': 7.65, 'change': -0.01999998, 'percentChange': -0.26075593, 'volume': 2271, 'openInterest': 1218, 'bid': 7.4, 'ask': 7.75, 'contractSize': 'REGULAR', 'expiration': 1694736000, 'lastTradeDate': 1694203040, 'impliedVolatility': 0.3086006640625, 'inTheMoney': True}",0.3086006640625
305.0,2023-09-15,call,META230915C00305000,2.2,2.31,2.39,-1.25,-36.231884,12935.0,14418.0,0.31153032226562494,META,False,META,297.89,2023-09-08 20:00:01,2023-09-08 19:59:41,"{'contractSymbol': 'META230915C00305000', 'strike': 305.0, 'currency': 'USD', 'lastPrice': 2.2, 'change': -1.25, 'percentChange': -36.231884, 'volume': 12935, 'openInterest': 14418, 'bid': 2.31, 'ask': 2.39, 'contractSize': 'REGULAR', 'expiration': 1694736000, 'lastTradeDate': 1694203181, 'impliedVolatility': 0.31153032226562494, 'inTheMoney': False}",0.31153032226562494
305.0,2023-09-15,put,META230915P00305000,9.25,9.05,9.4,-0.39999962,-4.145074,3383.0,9699.0,0.3045723840332031,META,False,META,297.89,2023-09-08 20:00:01,2023-09-08 19:59:18,"{'contractSymbol': 'META230915P00305000', 'strike': 305.0, 'currency': 'USD', 'lastPrice': 9.25, 'change': -0.39999962, 'percentChange': -4.145074, 'volume': 3383, 'openInterest': 9699, 'bid': 9.05, 'ask': 9.4, 'contractSize': 'REGULAR', 'expiration': 1694736000, 'lastTradeDate': 1694203158, 'impliedVolatility': 0.3045723840332031, 'inTheMoney': True}",0.3045723840332031
307.5,2023-09-15,call,META230915C00307500,1.67,1.62,1.76,-0.93999994,-36.015327,4141.0,2658.0,0.31201859863281245,META,False,META,297.89,2023-09-08 20:00:01,2023-09-08 19:59:55,"{'contractSymbol': 'META230915C00307500', 'strike': 307.5, 'currency': 'USD', 'lastPrice': 1.67, 'change': -0.93999994, 'percentChange': -36.015327, 'volume': 4141, 'openInterest': 2658, 'bid': 1.62, 'ask': 1.76, 'contractSize': 'REGULAR', 'expiration': 1694736000, 'lastTradeDate': 1694203195, 'impliedVolatility': 0.31201859863281245, 'inTheMoney': False}",0.31201859863281245
307.5,2023-09-15,put,META230915P00307500,11.0,10.9,11.35,-0.35000038,-3.0837038,770.0,281.0,0.3104317004394531,META,False,META,297.89,2023-09-08 20:00:01,2023-09-08 19:59:24,"{'contractSymbol': 'META230915P00307500', 'strike': 307.5, 'currency': 'USD', 'lastPrice': 11.0, 'change': -0.35000038, 'percentChange': -3.0837038, 'volume': 770, 'openInterest': 281, 'bid': 10.9, 'ask': 11.35, 'contractSize': 'REGULAR', 'expiration': 1694736000, 'lastTradeDate': 1694203164, 'impliedVolatility': 0.3104317004394531, 'inTheMoney': True}",0.3104317004394531
310.0,2023-09-15,call,META230915C00310000,1.14,1.16,1.27,-0.9,-44.11765,7681.0,11663.0,0.31238480590820306,META,False,META,297.89,2023-09-08 20:00:01,2023-09-08 19:59:57,"{'contractSymbol': 'META230915C00310000', 'strike': 310.0, 'currency': 'USD', 'lastPrice': 1.14, 'change': -0.9, 'percentChange': -44.11765, 'volume': 7681, 'openInterest': 11663, 'bid': 1.16, 'ask': 1.27, 'contractSize': 'REGULAR', 'expiration': 1694736000, 'lastTradeDate': 1694203197, 'impliedVolatility': 0.31238480590820306, 'inTheMoney': False}",0.31238480590820306
310.0,2023-09-15,put,META230915P00310000,13.25,12.9,14.0,0.60999966,4.825947,587.0,4516.0,0.3654848608398438,META,False,META,297.89,2023-09-08 20:00:01,2023-09-08 19:52:31,"{'contractSymbol': 'META230915P00310000', 'strike': 310.0, 'currency': 'USD', 'lastPrice': 13.25, 'change': 0.60999966, 'percentChange': 4.825947, 'volume': 587, 'openInterest': 4516, 'bid': 12.9, 'ask': 14.0, 'contractSize': 'REGULAR', 'expiration': 1694736000, 'lastTradeDate': 1694202751, 'impliedVolatility': 0.3654848608398438, 'inTheMoney': True}",0.3654848608398438
312.5,2023-09-15,call,META230915C00312500,0.9,0.87,0.92,-0.62,-40.789474,2144.0,1557.0,0.31519239501953117,META,False,META,297.89,2023-09-08 20:00:01,2023-09-08 19:59:57,"{'contractSymbol': 'META230915C00312500', 'strike': 312.5, 'currency': 'USD', 'lastPrice': 0.9, 'change': -0.62, 'percentChange': -40.789474, 'volume': 2144, 'openInterest': 1557, 'bid': 0.87, 'ask': 0.92, 'contractSize': 'REGULAR', 'expiration': 1694736000, 'lastTradeDate': 1694203197, 'impliedVolatility': 0.31519239501953117, 'inTheMoney': False}",0.31519239501953117
312.5,2023-09-15,put,META230915P00312500,15.85,14.55,16.1,0.8500004,5.666669,84.0,161.0,0.3715883154296875,META,False,META,297.89,2023-09-08 20:00:01,2023-09-08 19:52:08,"{'contractSymbol': 'META230915P00312500', 'strike': 312.5, 'currency': 'USD', 'lastPrice': 15.85, 'change': 0.8500004, 'percentChange': 5.666669, 'volume': 84, 'openInterest': 161, 'bid': 14.55, 'ask': 16.1, 'contractSize': 'REGULAR', 'expiration': 1694736000, 'lastTradeDate': 1694202728, 'impliedVolatility': 0.3715883154296875, 'inTheMoney': True}",0.3715883154296875
315.0,2023-09-15,call,META230915C00315000,0.61,0.61,0.67,-0.53999996,-46.95652,6887.0,9589.0,0.3198310205078124,META,False,META,297.89,2023-09-08 20:00:01,2023-09-08 19:59:30,"{'contractSymbol': 'META230915C00315000', 'strike': 315.0, 'currency': 'USD', 'lastPrice': 0.61, 'change': -0.53999996, 'percentChange': -46.95652, 'volume': 6887, 'openInterest': 9589, 'bid': 0.61, 'ask': 0.67, 'contractSize': 'REGULAR', 'expiration': 1694736000, 'lastTradeDate': 1694203170, 'impliedVolatility': 0.3198310205078124, 'inTheMoney': False}",0.3198310205078124
315.0,2023-09-15,put,META230915P00315000,17.79,16.45,18.85,1.0400009,6.2089605,109.0,2346.0,0.4329890686035156,META,False,META,297.89,2023-09-08 20:00:01,2023-09-08 19:47:25,"{'contractSymbol': 'META230915P00315000', 'strike': 315.0, 'currency': 'USD', 'lastPrice': 17.79, 'change': 1.0400009, 'percentChange': 6.2089605, 'volume': 109, 'openInterest': 2346, 'bid': 16.45, 'ask': 18.85, 'contractSize': 'REGULAR', 'expiration': 1694736000, 'lastTradeDate': 1694202445, 'impliedVolatility': 0.4329890686035156, 'inTheMoney': True}",0.4329890686035156
317.5,2023-09-15,call,META230915C00317500,0.14,0.45,0.5,-0.78000003,-84.782616,1888.0,1978.0,0.3266668896484375,META,False,META,297.89,2023-09-08 20:00:01,2023-09-08 19:59:57,"{'contractSymbol': 'META230915C00317500', 'strike': 317.5, 'currency': 'USD', 'lastPrice': 0.14, 'change': -0.78000003, 'percentChange': -84.782616, 'volume': 1888, 'openInterest': 1978, 'bid': 0.45, 'ask': 0.5, 'contractSize': 'REGULAR', 'expiration': 1694736000, 'lastTradeDate': 1694203197, 'impliedVolatility': 0.3266668896484375, 'inTheMoney': False}",0.3266668896484375
317.5,2023-09-15,put,META230915P00317500,19.5,18.8,21.2,1.1000004,5.9782634,27.0,36.0,0.4563042651367188,META,False,META,297.89,2023-09-08 20:00:01,2023-09-08 18:56:30,"{'contractSymbol': 'META230915P00317500', 'strike': 317.5, 'currency': 'USD', 'lastPrice': 19.5, 'change': 1.1000004, 'percentChange': 5.9782634, 'volume': 27, 'openInterest': 36, 'bid': 18.8, 'ask': 21.2, 'contractSize': 'REGULAR', 'expiration': 1694736000, 'lastTradeDate': 1694199390, 'impliedVolatility': 0.4563042651367188, 'inTheMoney': True}",0.4563042651367188
320.0,2023-09-15,call,META230915C00320000,0.37,0.33,0.38,-0.3,-44.77612,4166.0,7909.0,0.334967587890625,META,False,META,297.89,2023-09-08 20:00:01,2023-09-08 19:59:31,"{'contractSymbol': 'META230915C00320000', 'strike': 320.0, 'currency': 'USD', 'lastPrice': 0.37, 'change': -0.3, 'percentChange': -44.77612, 'volume': 4166, 'openInterest': 7909, 'bid': 0.33, 'ask': 0.38, 'contractSize': 'REGULAR', 'expiration': 1694736000, 'lastTradeDate': 1694203171, 'impliedVolatility': 0.334967587890625, 'inTheMoney': False}",0.334967587890625
320.0,2023-09-15,put,META230915P00320000,23.0,21.5,23.5,3.0,15.000001,45.0,2306.0,0.47119669433593747,META,False,META,297.89,2023-09-08 20:00:01,2023-09-08 19:53:07,"{'contractSymbol': 'META230915P00320000', 'strike': 320.0, 'currency': 'USD', 'lastPrice': 23.0, 'change': 3.0, 'percentChange': 15.000001, 'volume': 45, 'openInterest': 2306, 'bid': 21.5, 'ask': 23.5, 'contractSize': 'REGULAR', 'expiration': 1694736000, 'lastTradeDate': 1694202787, 'impliedVolatility': 0.47119669433593747, 'inTheMoney': True}",0.47119669433593747
322.5,2023-09-15,call,META230915C00322500,0.28,0.26,0.3,-0.22,-44.0,718.0,997.0,0.34570966796874997,META,False,META,297.89,2023-09-08 20:00:01,2023-09-08 19:59:42,"{'contractSymbol': 'META230915C00322500', 'strike': 322.5, 'currency': 'USD', 'lastPrice': 0.28, 'change': -0.22, 'percentChange': -44.0, 'volume': 718, 'openInterest': 997, 'bid': 0.26, 'ask': 0.3, 'contractSize': 'REGULAR', 'expiration': 1694736000, 'lastTradeDate': 1694203182, 'impliedVolatility': 0.34570966796874997, 'inTheMoney': False}",0.34570966796874997
322.5,2023-09-15,put,META230915P00322500,21.7,23.6,25.95,-1.6499996,-7.0663795,13.0,14.0,0.4997608618164063,META,False,META,297.89,2023-09-08 20:00:01,2023-09-08 16:22:24,"{'contractSymbol': 'META230915P00322500', 'strike': 322.5, 'currency': 'USD', 'lastPrice': 21.7, 'change': -1.6499996, 'percentChange': -7.0663795, 'volume': 13, 'openInterest': 14, 'bid': 23.6, 'ask': 25.95, 'contractSize': 'REGULAR', 'expiration': 1694736000, 'lastTradeDate': 1694190144, 'impliedVolatility': 0.4997608618164063, 'inTheMoney': True}",0.4997608618164063
325.0,2023-09-15,call,META230915C00325000,0.24,0.21,0.24,-0.17999999,-42.857143,1285.0,5898.0,0.35645174804687496,META,False,META,297.89,2023-09-08 20:00:01,2023-09-08 19:59:06,"{'contractSymbol': 'META230915C00325000', 'strike': 325.0, 'currency': 'USD', 'lastPrice': 0.24, 'change': -0.17999999, 'percentChange': -42.857143, 'volume': 1285, 'openInterest': 5898, 'bid': 0.21, 'ask': 0.24, 'contractSize': 'REGULAR', 'expiration': 1694736000, 'lastTradeDate': 1694203146, 'impliedVolatility': 0.35645174804687496, 'inTheMoney': False}",0.35645174804687496
325.0,2023-09-15,put,META230915P00325000,23.81,26.1,28.4,-5.3900013,-18.458908,95.0,1999.0,0.5271043383789062,META,False,META,297.89,2023-09-08 20:00:01,2023-09-08 16:15:22,"{'contractSymbol': 'META230915P00325000', 'strike': 325.0, 'currency': 'USD', 'lastPrice': 23.81, 'change': -5.3900013, 'percentChange': -18.458908, 'volume': 95, 'openInterest': 1999, 'bid': 26.1, 'ask': 28.4, 'contractSize': 'REGULAR', 'expiration': 1694736000, 'lastTradeDate': 1694189722, 'impliedVolatility': 0.5271043383789062, 'inTheMoney': True}",0.5271043383789062
330.0,2023-09-15,call,META230915C00330000,0.16,0.15,0.18,-0.09,-36.0,1608.0,9196.0,0.38672488281249995,META,False,META,297.89,2023-09-08 20:00:01,2023-09-08 19:59:57,"{'contractSymbol': 'META230915C00330000', 'strike': 330.0, 'currency': 'USD', 'lastPrice': 0.16, 'change': -0.09, 'percentChange': -36.0, 'volume': 1608, 'openInterest': 9196, 'bid': 0.15, 'ask': 0.18, 'contractSize': 'REGULAR', 'expiration': 1694736000, 'lastTradeDate': 1694203197, 'impliedVolatility': 0.38672488281249995, 'inTheMoney': False}",0.38672488281249995
335.0,2023-09-15,call,META230915C00335000,0.12,0.09,0.13,-0.050000004,-29.411766,955.0,4247.0,0.411138701171875,META,False,META,297.89,2023-09-08 20:00:01,2023-09-08 19:55:44,"{'contractSymbol': 'META230915C00335000', 'strike': 335.0, 'currency': 'USD', 'lastPrice': 0.12, 'change': -0.050000004, 'percentChange': -29.411766, 'volume': 955, 'openInterest': 4247, 'bid': 0.09, 'ask': 0.13, 'contractSize': 'REGULAR', 'expiration': 1694736000, 'lastTradeDate': 1694202944, 'impliedVolatility': 0.411138701171875, 'inTheMoney': False}",0.411138701171875
340.0,2023-09-15,call,META230915C00340000,0.08,0.05,0.1,-0.04,-33.333336,831.0,5503.0,0.437505625,META,False,META,297.89,2023-09-08 20:00:01,2023-09-08 19:50:39,"{'contractSymbol': 'META230915C00340000', 'strike': 340.0, 'currency': 'USD', 'lastPrice': 0.08, 'change': -0.04, 'percentChange': -33.333336, 'volume': 831, 'openInterest': 5503, 'bid': 0.05, 'ask': 0.1, 'contractSize': 'REGULAR', 'expiration': 1694736000, 'lastTradeDate': 1694202639, 'impliedVolatility': 0.437505625, 'inTheMoney': False}",0.437505625
345.0,2023-09-15,call,META230915C00345000,0.06,0.03,0.08,-0.02,-25.0,843.0,2339.0,0.46484910156250003,META,False,META,297.89,2023-09-08 20:00:01,2023-09-08 19:52:39,"{'contractSymbol': 'META230915C00345000', 'strike': 345.0, 'currency': 'USD', 'lastPrice': 0.06, 'change': -0.02, 'percentChange': -25.0, 'volume': 843, 'openInterest': 2339, 'bid': 0.03, 'ask': 0.08, 'contractSize': 'REGULAR', 'expiration': 1694736000, 'lastTradeDate': 1694202759, 'impliedVolatility': 0.46484910156250003, 'inTheMoney': False}",0.46484910156250003
350.0,2023-09-15,call,META230915C00350000,0.05,0.05,0.06,-0.009999998,-16.666664,589.0,7664.0,0.48633326171875,META,False,META,297.89,2023-09-08 20:00:01,2023-09-08 19:56:48,"{'contractSymbol': 'META230915C00350000', 'strike': 350.0, 'currency': 'USD', 'lastPrice': 0.05, 'change': -0.009999998, 'percentChange': -16.666664, 'volume': 589, 'openInterest': 7664, 'bid': 0.05, 'ask': 0.06, 'contractSize': 'REGULAR', 'expiration': 1694736000, 'lastTradeDate': 1694203008, 'impliedVolatility': 0.48633326171875, 'inTheMoney': False}",0.48633326171875
355.0,2023-09-15,call,META230915C00355000,0.05,0.04,0.05,0.010000002,25.000006,1179.0,3935.0,0.50586431640625,META,False,META,297.89,2023-09-08 20:00:01,2023-09-08 19:55:18,"{'contractSymbol': 'META230915C00355000', 'strike': 355.0, 'currency': 'USD', 'lastPrice': 0.05, 'change': 0.010000002, 'percentChange': 25.000006, 'volume': 1179, 'openInterest': 3935, 'bid': 0.04, 'ask': 0.05, 'contractSize': 'REGULAR', 'expiration': 1694736000, 'lastTradeDate': 1694202918, 'impliedVolatility': 0.50586431640625, 'inTheMoney': False}",0.50586431640625
360.0,2023-09-15,call,META230915C00360000,0.03,0.02,0.04,-0.01,-25.0,1813.0,4132.0,0.51758294921875,META,False,META,297.89,2023-09-08 20:00:01,2023-09-08 19:33:42,"{'contractSymbol': 'META230915C00360000', 'strike': 360.0, 'currency': 'USD', 'lastPrice': 0.03, 'change': -0.01, 'percentChange': -25.0, 'volume': 1813, 'openInterest': 4132, 'bid': 0.02, 'ask': 0.04, 'contractSize': 'REGULAR', 'expiration': 1694736000, 'lastTradeDate': 1694201622, 'impliedVolatility': 0.51758294921875, 'inTheMoney': False}",0.51758294921875
365.0,2023-09-15,call,META230915C00365000,0.02,0.01,0.03,0.0,0.0,717.0,1249.0,0.5312546875,META,False,META,297.89,2023-09-08 20:00:01,2023-09-08 19:27:28,"{'contractSymbol': 'META230915C00365000', 'strike': 365.0, 'currency': 'USD', 'lastPrice': 0.02, 'change': 0.0, 'percentChange': 0.0, 'volume': 717, 'openInterest': 1249, 'bid': 0.01, 'ask': 0.03, 'contractSize': 'REGULAR', 'expiration': 1694736000, 'lastTradeDate': 1694201248, 'impliedVolatility': 0.5312546875, 'inTheMoney': False}",0.5312546875
370.0,2023-09-15,call,META230915C00370000,0.02,0.0,0.02,0.01,100.0,75.0,986.0,0.523442265625,META,False,META,297.89,2023-09-08 20:00:01,2023-09-08 19:45:01,"{'contractSymbol': 'META230915C00370000', 'strike': 370.0, 'currency': 'USD', 'lastPrice': 0.02, 'change': 0.01, 'percentChange': 100.0, 'volume': 75, 'openInterest': 986, 'bid': 0.0, 'ask': 0.02, 'contractSize': 'REGULAR', 'expiration': 1694736000, 'lastTradeDate': 1694202301, 'impliedVolatility': 0.523442265625, 'inTheMoney': False}",0.523442265625
375.0,2023-09-15,call,META230915C00375000,0.01,0.0,0.02,0.0,0.0,54.0,2042.0,0.5546919531250001,META,False,META,297.89,2023-09-08 20:00:01,2023-09-08 17:06:43,"{'contractSymbol': 'META230915C00375000', 'strike': 375.0, 'currency': 'USD', 'lastPrice': 0.01, 'change': 0.0, 'percentChange': 0.0, 'volume': 54, 'openInterest': 2042, 'bid': 0.0, 'ask': 0.02, 'contractSize': 'REGULAR', 'expiration': 1694736000, 'lastTradeDate': 1694192803, 'impliedVolatility': 0.5546919531250001, 'inTheMoney': False}",0.5546919531250001
380.0,2023-09-15,call,META230915C00380000,0.01,0.0,0.02,0.0,0.0,129.0,2620.0,0.585941640625,META,False,META,297.89,2023-09-08 20:00:01,2023-09-08 19:34:53,"{'contractSymbol': 'META230915C00380000', 'strike': 380.0, 'currency': 'USD', 'lastPrice': 0.01, 'change': 0.0, 'percentChange': 0.0, 'volume': 129, 'openInterest': 2620, 'bid': 0.0, 'ask': 0.02, 'contractSize': 'REGULAR', 'expiration': 1694736000, 'lastTradeDate': 1694201693, 'impliedVolatility': 0.585941640625, 'inTheMoney': False}",0.585941640625
